update fw_timenode set rel_sql = 'bao.`apply_no` = #{ta}.`apply_no` and #{ta}.matter_key = ''#{flow_type}''  join ( select * from
  (select r.id, r.apply_no,r.matter_key ,o.STATUS_  from biz_order_matter_record r
    left join bpm_check_opinion o on r.relate_id=o.TASK_ID_
where r.matter_key=''#{flow_type}'' and  r.relate_type=''bpm_task'' and r.relate_id <> '''' order by  r.create_time desc) b group by apply_no,matter_key) #{ta}Tmp
    on #{ta}.id= #{ta}Tmp.id and #{ta}Tmp.STATUS_ in( ''agree'',''awaiting_check'')' where dbtablename ='biz_order_matter_record';
;-- -. . -..- - / . -. - .-. -.--
INSERT INTO fw_timenode (id, timenode, timenodedesc, time_node_type, flow_type_name, flow_type, dbtablename, dbcolname, dbdatatype, create_user_id, create_time, update_user_id, update_time, rev, delete_flag, pre_time_node, rel_sql) VALUES ('10000053150205', 'TD10000053150205', '垫资归还确认（到期归还垫资）', 1, '', '', 'v_fd_ret', 'ret_fin_date', 'date', '1', '2018-07-17 17:10:04', '1', '2018-07-17 17:10:04', 0, '0', null, 'bao.`apply_no` = #{ta}.`apply_no`  and #{ta}.adv_type=''expireAdvance''');
;-- -. . -..- - / . -. - .-. -.--
INSERT INTO fw_timenode (id, timenode, timenodedesc, time_node_type, flow_type_name, flow_type, dbtablename, dbcolname, dbdatatype, create_user_id, create_time, update_user_id, update_time, rev, delete_flag, pre_time_node, rel_sql) VALUES ('10000053150206', 'TD10000053150206', '垫资归还确认（赎楼前垫资）', 1, '', '', 'v_fd_ret', 'ret_fin_date', 'date', '1', '2018-07-17 17:14:58', '1', '2018-07-17 17:14:58', 0, '0', null, 'bao.`apply_no` = #{ta}.`apply_no` and #{ta}.adv_type=''floorAdvance''');
;-- -. . -..- - / . -. - .-. -.--
INSERT INTO s_material_partner (id, event_type, event_type_name, pack_name_script, pack_name, product_id, product_name, rev, delete_flag, update_time, create_time, update_user_id, create_user_id, remark, partner_code, partner_name, partner_type) VALUES ('10000051280209', 'afterLoanMaterial-MortgagePass', '贷后资料交互-抵押递件', null, null, 'JSD_NSL_YJY_CSH', '及时贷（交易提放）', 0, '0', '2018-07-25 15:43:00', '2018-07-25 15:43:00', '1', '1', null, 'XDA-WC001', '挖财', '1');
;-- -. . -..- - / . -. - .-. -.--
INSERT INTO s_material_partner (id, event_type, event_type_name, pack_name_script, pack_name, product_id, product_name, rev, delete_flag, update_time, create_time, update_user_id, create_user_id, remark, partner_code, partner_name, partner_type) VALUES ('10000051280222', 'afterLoanMaterial-returnConfirm', '贷后资料交互-资金归还确认', null, null, 'JSD_NSL_NJY_CSH', '及时贷（非交易提放）', 0, '0', '2018-07-25 15:45:15', '2018-07-25 15:45:15', '1', '1', null, 'XDA-WC001', '挖财', '1');
;-- -. . -..- - / . -. - .-. -.--
INSERT INTO s_material_partner (id, event_type, event_type_name, pack_name_script, pack_name, product_id, product_name, rev, delete_flag, update_time, create_time, update_user_id, create_user_id, remark, partner_code, partner_name, partner_type) VALUES ('10000051280235', 'afterLoanMaterial-returnConfirm', '贷后资料交互-资金归还确认', null, null, 'JSD_NSL_YJY_CSH', '及时贷（交易提放）', 0, '0', '2018-07-25 15:48:11', '2018-07-25 15:48:11', '1', '1', null, 'XDA-WC001', '挖财', '1');
;-- -. . -..- - / . -. - .-. -.--
INSERT INTO s_material_partner (id, event_type, event_type_name, pack_name_script, pack_name, product_id, product_name, rev, delete_flag, update_time, create_time, update_user_id, create_user_id, remark, partner_code, partner_name, partner_type) VALUES ('10000051280248', 'afterLoanMaterial-TransferIn', '贷后资料交互-过户', null, null, 'SLY_YSL_YJY_CSH', '及时贷（交易赎楼）', 0, '0', '2018-07-25 15:48:49', '2018-07-25 15:48:49', '1', '1', null, 'XDA-WC001', '挖财', '1');
;-- -. . -..- - / . -. - .-. -.--
INSERT INTO s_material_partner (id, event_type, event_type_name, pack_name_script, pack_name, product_id, product_name, rev, delete_flag, update_time, create_time, update_user_id, create_user_id, remark, partner_code, partner_name, partner_type) VALUES ('10000051280261', 'afterLoanMaterial-MortgagePass', '贷后资料交互-抵押递件', null, null, 'SLY_YSL_YJY_CSH', '及时贷（交易赎楼）', 0, '0', '2018-07-25 15:49:46', '2018-07-25 15:49:46', '1', '1', null, 'XDA-WC001', '挖财', '1');
;-- -. . -..- - / . -. - .-. -.--
INSERT INTO s_material_partner (id, event_type, event_type_name, pack_name_script, pack_name, product_id, product_name, rev, delete_flag, update_time, create_time, update_user_id, create_user_id, remark, partner_code, partner_name, partner_type) VALUES ('10000051280274', 'afterLoanMaterial-returnConfirm', '贷后资料交互-资金归还确认', null, null, 'SLY_YSL_YJY_CSH', '及时贷（交易赎楼）', 0, '0', '2018-07-25 15:50:26', '2018-07-25 15:50:26', '1', '1', null, 'XDA-WC001', '挖财', '1');
;-- -. . -..- - / . -. - .-. -.--
INSERT INTO s_material_partner (id, event_type, event_type_name, pack_name_script, pack_name, product_id, product_name, rev, delete_flag, update_time, create_time, update_user_id, create_user_id, remark, partner_code, partner_name, partner_type) VALUES ('10000051280287', 'afterLoanMaterial-TransferIn', '贷后资料交互-过户', null, null, 'SLY_YSL_NJY_CSH', '及时贷（非交易赎楼）', 0, '0', '2018-07-25 15:51:39', '2018-07-25 15:51:39', '1', '1', null, 'XDA-WC001', '挖财', '1');
;-- -. . -..- - / . -. - .-. -.--
INSERT INTO s_material_partner (id, event_type, event_type_name, pack_name_script, pack_name, product_id, product_name, rev, delete_flag, update_time, create_time, update_user_id, create_user_id, remark, partner_code, partner_name, partner_type) VALUES ('10000051280300', 'afterLoanMaterial-returnConfirm', '贷后资料交互-资金归还确认', null, null, 'SLY_YSL_NJY_CSH', '及时贷（非交易赎楼）', 0, '0', '2018-07-25 15:52:11', '2018-07-25 15:52:11', '1', '1', null, 'XDA-WC001', '挖财', '1');
;-- -. . -..- - / . -. - .-. -.--
INSERT INTO s_material_partner_detail (id, material_partner_id, data_type, material_type, delivery_name, template_name, is_require, is_show, is_main_show, is_main_require, remark, create_user_id, update_user_id, create_time, update_time, rev, delete_flag) VALUES ('10000051280210', '10000051280209', null, 'M06005', null, null, 0, 0, null, null, null, '1', '1', '2018-07-25 15:43:00', '2018-07-25 15:43:00', 0, '0');
;-- -. . -..- - / . -. - .-. -.--
INSERT INTO s_material_partner_detail (id, material_partner_id, data_type, material_type, delivery_name, template_name, is_require, is_show, is_main_show, is_main_require, remark, create_user_id, update_user_id, create_time, update_time, rev, delete_flag) VALUES ('10000051280211', '10000051280209', null, 'M02011', null, null, 0, 0, null, null, null, '1', '1', '2018-07-25 15:43:00', '2018-07-25 15:43:00', 0, '0');
;-- -. . -..- - / . -. - .-. -.--
INSERT INTO s_material_partner_detail (id, material_partner_id, data_type, material_type, delivery_name, template_name, is_require, is_show, is_main_show, is_main_require, remark, create_user_id, update_user_id, create_time, update_time, rev, delete_flag) VALUES ('10000051280212', '10000051280209', null, 'M04001', null, null, 0, 0, null, null, null, '1', '1', '2018-07-25 15:43:00', '2018-07-25 15:43:00', 0, '0');
;-- -. . -..- - / . -. - .-. -.--
INSERT INTO s_material_partner_detail (id, material_partner_id, data_type, material_type, delivery_name, template_name, is_require, is_show, is_main_show, is_main_require, remark, create_user_id, update_user_id, create_time, update_time, rev, delete_flag) VALUES ('10000051280213', '10000051280209', null, 'M02013', null, null, 1, 1, null, null, null, '1', '1', '2018-07-25 15:43:00', '2018-07-25 15:43:00', 0, '0');
;-- -. . -..- - / . -. - .-. -.--
INSERT INTO s_material_partner_detail (id, material_partner_id, data_type, material_type, delivery_name, template_name, is_require, is_show, is_main_show, is_main_require, remark, create_user_id, update_user_id, create_time, update_time, rev, delete_flag) VALUES ('10000051280214', '10000051280209', null, 'M01001', null, null, null, 0, null, null, null, '1', '1', '2018-07-25 15:43:00', '2018-07-25 15:43:00', 0, '0');
;-- -. . -..- - / . -. - .-. -.--
INSERT INTO s_material_partner_detail (id, material_partner_id, data_type, material_type, delivery_name, template_name, is_require, is_show, is_main_show, is_main_require, remark, create_user_id, update_user_id, create_time, update_time, rev, delete_flag) VALUES ('10000051280215', '10000051280209', 'EntryListSNXD', 'M09028', '进件清单.xlsx', 'EntryListSNXD.xlsx', 0, 0, null, null, null, '1', '1', '2018-07-25 15:43:00', '2018-07-25 15:43:00', 0, '0');
;-- -. . -..- - / . -. - .-. -.--
INSERT INTO s_material_partner_detail (id, material_partner_id, data_type, material_type, delivery_name, template_name, is_require, is_show, is_main_show, is_main_require, remark, create_user_id, update_user_id, create_time, update_time, rev, delete_flag) VALUES ('10000051280216', '10000051280209', null, 'M02004', null, null, 0, 0, null, null, null, '1', '1', '2018-07-25 15:43:00', '2018-07-25 15:43:00', 0, '0');
;-- -. . -..- - / . -. - .-. -.--
INSERT INTO s_material_partner_detail (id, material_partner_id, data_type, material_type, delivery_name, template_name, is_require, is_show, is_main_show, is_main_require, remark, create_user_id, update_user_id, create_time, update_time, rev, delete_flag) VALUES ('10000051280217', '10000051280209', null, 'M02014', null, null, 0, 0, null, null, null, '1', '1', '2018-07-25 15:43:00', '2018-07-25 15:43:00', 0, '0');
;-- -. . -..- - / . -. - .-. -.--
INSERT INTO s_material_partner_detail (id, material_partner_id, data_type, material_type, delivery_name, template_name, is_require, is_show, is_main_show, is_main_require, remark, create_user_id, update_user_id, create_time, update_time, rev, delete_flag) VALUES ('10000051280218', '10000051280209', null, 'M02006', null, null, 0, 0, null, null, null, '1', '1', '2018-07-25 15:43:00', '2018-07-25 15:43:00', 0, '0');
;-- -. . -..- - / . -. - .-. -.--
INSERT INTO s_material_partner_detail (id, material_partner_id, data_type, material_type, delivery_name, template_name, is_require, is_show, is_main_show, is_main_require, remark, create_user_id, update_user_id, create_time, update_time, rev, delete_flag) VALUES ('10000051280219', '10000051280209', null, 'M02005', null, null, 0, 0, null, null, null, '1', '1', '2018-07-25 15:43:00', '2018-07-25 15:43:00', 0, '0');
;-- -. . -..- - / . -. - .-. -.--
INSERT INTO s_material_partner_detail (id, material_partner_id, data_type, material_type, delivery_name, template_name, is_require, is_show, is_main_show, is_main_require, remark, create_user_id, update_user_id, create_time, update_time, rev, delete_flag) VALUES ('10000051280220', '10000051280209', null, 'M08002', null, null, 0, 0, null, null, null, '1', '1', '2018-07-25 15:43:00', '2018-07-25 15:43:00', 0, '0');
;-- -. . -..- - / . -. - .-. -.--
INSERT INTO s_material_partner_detail (id, material_partner_id, data_type, material_type, delivery_name, template_name, is_require, is_show, is_main_show, is_main_require, remark, create_user_id, update_user_id, create_time, update_time, rev, delete_flag) VALUES ('10000051280221', '10000051280209', null, 'M06010', null, null, 0, 0, null, null, null, '1', '1', '2018-07-25 15:43:00', '2018-07-25 15:43:00', 0, '0');
;-- -. . -..- - / . -. - .-. -.--
INSERT INTO s_material_partner_detail (id, material_partner_id, data_type, material_type, delivery_name, template_name, is_require, is_show, is_main_show, is_main_require, remark, create_user_id, update_user_id, create_time, update_time, rev, delete_flag) VALUES ('10000051280223', '10000051280222', null, 'M06005', null, null, 0, 0, null, null, null, '1', '1', '2018-07-25 15:45:15', '2018-07-25 15:45:15', 0, '0');
;-- -. . -..- - / . -. - .-. -.--
INSERT INTO s_material_partner_detail (id, material_partner_id, data_type, material_type, delivery_name, template_name, is_require, is_show, is_main_show, is_main_require, remark, create_user_id, update_user_id, create_time, update_time, rev, delete_flag) VALUES ('10000051280224', '10000051280222', null, 'M02011', null, null, 0, 0, null, null, null, '1', '1', '2018-07-25 15:45:15', '2018-07-25 15:45:15', 0, '0');
;-- -. . -..- - / . -. - .-. -.--
INSERT INTO s_material_partner_detail (id, material_partner_id, data_type, material_type, delivery_name, template_name, is_require, is_show, is_main_show, is_main_require, remark, create_user_id, update_user_id, create_time, update_time, rev, delete_flag) VALUES ('10000051280225', '10000051280222', null, 'M04001', null, null, 0, 0, null, null, null, '1', '1', '2018-07-25 15:45:15', '2018-07-25 15:45:15', 0, '0');
;-- -. . -..- - / . -. - .-. -.--
INSERT INTO s_material_partner_detail (id, material_partner_id, data_type, material_type, delivery_name, template_name, is_require, is_show, is_main_show, is_main_require, remark, create_user_id, update_user_id, create_time, update_time, rev, delete_flag) VALUES ('10000051280226', '10000051280222', null, 'M02013', null, null, 0, 0, null, null, null, '1', '1', '2018-07-25 15:45:15', '2018-07-25 15:45:15', 0, '0');
;-- -. . -..- - / . -. - .-. -.--
INSERT INTO s_material_partner_detail (id, material_partner_id, data_type, material_type, delivery_name, template_name, is_require, is_show, is_main_show, is_main_require, remark, create_user_id, update_user_id, create_time, update_time, rev, delete_flag) VALUES ('10000051280227', '10000051280222', null, 'M01001', null, null, null, 0, null, null, null, '1', '1', '2018-07-25 15:45:15', '2018-07-25 15:45:15', 0, '0');
;-- -. . -..- - / . -. - .-. -.--
INSERT INTO s_material_partner_detail (id, material_partner_id, data_type, material_type, delivery_name, template_name, is_require, is_show, is_main_show, is_main_require, remark, create_user_id, update_user_id, create_time, update_time, rev, delete_flag) VALUES ('10000051280228', '10000051280222', 'EntryListSNXD', 'M09028', '进件清单.xlsx', 'EntryListSNXD.xlsx', 0, 0, null, null, null, '1', '1', '2018-07-25 15:45:15', '2018-07-25 15:45:15', 0, '0');
;-- -. . -..- - / . -. - .-. -.--
INSERT INTO s_material_partner_detail (id, material_partner_id, data_type, material_type, delivery_name, template_name, is_require, is_show, is_main_show, is_main_require, remark, create_user_id, update_user_id, create_time, update_time, rev, delete_flag) VALUES ('10000051280229', '10000051280222', null, 'M02004', null, null, 0, 0, null, null, null, '1', '1', '2018-07-25 15:45:15', '2018-07-25 15:45:15', 0, '0');
;-- -. . -..- - / . -. - .-. -.--
INSERT INTO s_material_partner_detail (id, material_partner_id, data_type, material_type, delivery_name, template_name, is_require, is_show, is_main_show, is_main_require, remark, create_user_id, update_user_id, create_time, update_time, rev, delete_flag) VALUES ('10000051280230', '10000051280222', null, 'M02014', null, null, 1, 1, null, null, null, '1', '1', '2018-07-25 15:45:15', '2018-07-25 15:45:15', 0, '0');
;-- -. . -..- - / . -. - .-. -.--
INSERT INTO s_material_partner_detail (id, material_partner_id, data_type, material_type, delivery_name, template_name, is_require, is_show, is_main_show, is_main_require, remark, create_user_id, update_user_id, create_time, update_time, rev, delete_flag) VALUES ('10000051280231', '10000051280222', null, 'M02006', null, null, 0, 0, null, null, null, '1', '1', '2018-07-25 15:45:15', '2018-07-25 15:45:15', 0, '0');
;-- -. . -..- - / . -. - .-. -.--
INSERT INTO s_material_partner_detail (id, material_partner_id, data_type, material_type, delivery_name, template_name, is_require, is_show, is_main_show, is_main_require, remark, create_user_id, update_user_id, create_time, update_time, rev, delete_flag) VALUES ('10000051280232', '10000051280222', null, 'M02005', null, null, 0, 0, null, null, null, '1', '1', '2018-07-25 15:45:15', '2018-07-25 15:45:15', 0, '0');
;-- -. . -..- - / . -. - .-. -.--
INSERT INTO s_material_partner_detail (id, material_partner_id, data_type, material_type, delivery_name, template_name, is_require, is_show, is_main_show, is_main_require, remark, create_user_id, update_user_id, create_time, update_time, rev, delete_flag) VALUES ('10000051280233', '10000051280222', null, 'M08002', null, null, 0, 0, null, null, null, '1', '1', '2018-07-25 15:45:15', '2018-07-25 15:45:15', 0, '0');
;-- -. . -..- - / . -. - .-. -.--
INSERT INTO s_material_partner_detail (id, material_partner_id, data_type, material_type, delivery_name, template_name, is_require, is_show, is_main_show, is_main_require, remark, create_user_id, update_user_id, create_time, update_time, rev, delete_flag) VALUES ('10000051280234', '10000051280222', null, 'M06010', null, null, 1, 1, null, null, null, '1', '1', '2018-07-25 15:45:15', '2018-07-25 15:45:15', 0, '0');
;-- -. . -..- - / . -. - .-. -.--
INSERT INTO s_material_partner_detail (id, material_partner_id, data_type, material_type, delivery_name, template_name, is_require, is_show, is_main_show, is_main_require, remark, create_user_id, update_user_id, create_time, update_time, rev, delete_flag) VALUES ('10000051280236', '10000051280235', null, 'M06005', null, null, 0, 0, null, null, null, '1', '1', '2018-07-25 15:48:11', '2018-07-25 15:48:11', 0, '0');
;-- -. . -..- - / . -. - .-. -.--
INSERT INTO s_material_partner_detail (id, material_partner_id, data_type, material_type, delivery_name, template_name, is_require, is_show, is_main_show, is_main_require, remark, create_user_id, update_user_id, create_time, update_time, rev, delete_flag) VALUES ('10000051280237', '10000051280235', null, 'M02011', null, null, 0, 0, null, null, null, '1', '1', '2018-07-25 15:48:11', '2018-07-25 15:48:11', 0, '0');
;-- -. . -..- - / . -. - .-. -.--
INSERT INTO s_material_partner_detail (id, material_partner_id, data_type, material_type, delivery_name, template_name, is_require, is_show, is_main_show, is_main_require, remark, create_user_id, update_user_id, create_time, update_time, rev, delete_flag) VALUES ('10000051280238', '10000051280235', null, 'M04001', null, null, 0, 0, null, null, null, '1', '1', '2018-07-25 15:48:11', '2018-07-25 15:48:11', 0, '0');
;-- -. . -..- - / . -. - .-. -.--
INSERT INTO s_material_partner_detail (id, material_partner_id, data_type, material_type, delivery_name, template_name, is_require, is_show, is_main_show, is_main_require, remark, create_user_id, update_user_id, create_time, update_time, rev, delete_flag) VALUES ('10000051280239', '10000051280235', null, 'M02013', null, null, 0, 0, null, null, null, '1', '1', '2018-07-25 15:48:11', '2018-07-25 15:48:11', 0, '0');
;-- -. . -..- - / . -. - .-. -.--
INSERT INTO s_material_partner_detail (id, material_partner_id, data_type, material_type, delivery_name, template_name, is_require, is_show, is_main_show, is_main_require, remark, create_user_id, update_user_id, create_time, update_time, rev, delete_flag) VALUES ('10000051280240', '10000051280235', null, 'M01001', null, null, null, 0, null, null, null, '1', '1', '2018-07-25 15:48:11', '2018-07-25 15:48:11', 0, '0');
;-- -. . -..- - / . -. - .-. -.--
INSERT INTO s_material_partner_detail (id, material_partner_id, data_type, material_type, delivery_name, template_name, is_require, is_show, is_main_show, is_main_require, remark, create_user_id, update_user_id, create_time, update_time, rev, delete_flag) VALUES ('10000051280241', '10000051280235', 'EntryListSNXD', 'M09028', '进件清单.xlsx', 'EntryListSNXD.xlsx', 0, 0, null, null, null, '1', '1', '2018-07-25 15:48:11', '2018-07-25 15:48:11', 0, '0');
;-- -. . -..- - / . -. - .-. -.--
INSERT INTO s_material_partner_detail (id, material_partner_id, data_type, material_type, delivery_name, template_name, is_require, is_show, is_main_show, is_main_require, remark, create_user_id, update_user_id, create_time, update_time, rev, delete_flag) VALUES ('10000051280242', '10000051280235', null, 'M02004', null, null, 0, 0, null, null, null, '1', '1', '2018-07-25 15:48:11', '2018-07-25 15:48:11', 0, '0');
;-- -. . -..- - / . -. - .-. -.--
INSERT INTO s_material_partner_detail (id, material_partner_id, data_type, material_type, delivery_name, template_name, is_require, is_show, is_main_show, is_main_require, remark, create_user_id, update_user_id, create_time, update_time, rev, delete_flag) VALUES ('10000051280243', '10000051280235', null, 'M02014', null, null, 1, 1, null, null, null, '1', '1', '2018-07-25 15:48:11', '2018-07-25 15:48:11', 0, '0');
;-- -. . -..- - / . -. - .-. -.--
INSERT INTO s_material_partner_detail (id, material_partner_id, data_type, material_type, delivery_name, template_name, is_require, is_show, is_main_show, is_main_require, remark, create_user_id, update_user_id, create_time, update_time, rev, delete_flag) VALUES ('10000051280244', '10000051280235', null, 'M02006', null, null, 0, 0, null, null, null, '1', '1', '2018-07-25 15:48:11', '2018-07-25 15:48:11', 0, '0');
;-- -. . -..- - / . -. - .-. -.--
INSERT INTO s_material_partner_detail (id, material_partner_id, data_type, material_type, delivery_name, template_name, is_require, is_show, is_main_show, is_main_require, remark, create_user_id, update_user_id, create_time, update_time, rev, delete_flag) VALUES ('10000051280245', '10000051280235', null, 'M02005', null, null, 0, 0, null, null, null, '1', '1', '2018-07-25 15:48:11', '2018-07-25 15:48:11', 0, '0');
;-- -. . -..- - / . -. - .-. -.--
INSERT INTO s_material_partner_detail (id, material_partner_id, data_type, material_type, delivery_name, template_name, is_require, is_show, is_main_show, is_main_require, remark, create_user_id, update_user_id, create_time, update_time, rev, delete_flag) VALUES ('10000051280246', '10000051280235', null, 'M08002', null, null, 0, 0, null, null, null, '1', '1', '2018-07-25 15:48:11', '2018-07-25 15:48:11', 0, '0');
;-- -. . -..- - / . -. - .-. -.--
INSERT INTO s_material_partner_detail (id, material_partner_id, data_type, material_type, delivery_name, template_name, is_require, is_show, is_main_show, is_main_require, remark, create_user_id, update_user_id, create_time, update_time, rev, delete_flag) VALUES ('10000051280247', '10000051280235', null, 'M06010', null, null, 1, 1, null, null, null, '1', '1', '2018-07-25 15:48:11', '2018-07-25 15:48:11', 0, '0');
;-- -. . -..- - / . -. - .-. -.--
INSERT INTO s_material_partner_detail (id, material_partner_id, data_type, material_type, delivery_name, template_name, is_require, is_show, is_main_show, is_main_require, remark, create_user_id, update_user_id, create_time, update_time, rev, delete_flag) VALUES ('10000051280249', '10000051280248', null, 'M06005', null, null, 0, 0, null, null, null, '1', '1', '2018-07-25 15:48:49', '2018-07-25 15:48:49', 0, '0');
;-- -. . -..- - / . -. - .-. -.--
INSERT INTO s_material_partner_detail (id, material_partner_id, data_type, material_type, delivery_name, template_name, is_require, is_show, is_main_show, is_main_require, remark, create_user_id, update_user_id, create_time, update_time, rev, delete_flag) VALUES ('10000051280250', '10000051280248', null, 'M02011', null, null, 1, 1, null, null, null, '1', '1', '2018-07-25 15:48:49', '2018-07-25 15:48:49', 0, '0');
;-- -. . -..- - / . -. - .-. -.--
INSERT INTO s_material_partner_detail (id, material_partner_id, data_type, material_type, delivery_name, template_name, is_require, is_show, is_main_show, is_main_require, remark, create_user_id, update_user_id, create_time, update_time, rev, delete_flag) VALUES ('10000051280251', '10000051280248', null, 'M04001', null, null, 0, 0, null, null, null, '1', '1', '2018-07-25 15:48:49', '2018-07-25 15:48:49', 0, '0');
;-- -. . -..- - / . -. - .-. -.--
INSERT INTO s_material_partner_detail (id, material_partner_id, data_type, material_type, delivery_name, template_name, is_require, is_show, is_main_show, is_main_require, remark, create_user_id, update_user_id, create_time, update_time, rev, delete_flag) VALUES ('10000051280252', '10000051280248', null, 'M02013', null, null, 0, 0, null, null, null, '1', '1', '2018-07-25 15:48:49', '2018-07-25 15:48:49', 0, '0');
;-- -. . -..- - / . -. - .-. -.--
INSERT INTO s_material_partner_detail (id, material_partner_id, data_type, material_type, delivery_name, template_name, is_require, is_show, is_main_show, is_main_require, remark, create_user_id, update_user_id, create_time, update_time, rev, delete_flag) VALUES ('10000051280253', '10000051280248', null, 'M01001', null, null, null, 0, null, null, null, '1', '1', '2018-07-25 15:48:49', '2018-07-25 15:48:49', 0, '0');
;-- -. . -..- - / . -. - .-. -.--
INSERT INTO s_material_partner_detail (id, material_partner_id, data_type, material_type, delivery_name, template_name, is_require, is_show, is_main_show, is_main_require, remark, create_user_id, update_user_id, create_time, update_time, rev, delete_flag) VALUES ('10000051280254', '10000051280248', 'EntryListSNXD', 'M09028', '进件清单.xlsx', 'EntryListSNXD.xlsx', 0, 0, null, null, null, '1', '1', '2018-07-25 15:48:49', '2018-07-25 15:48:49', 0, '0');
;-- -. . -..- - / . -. - .-. -.--
INSERT INTO s_material_partner_detail (id, material_partner_id, data_type, material_type, delivery_name, template_name, is_require, is_show, is_main_show, is_main_require, remark, create_user_id, update_user_id, create_time, update_time, rev, delete_flag) VALUES ('10000051280255', '10000051280248', null, 'M02004', null, null, 0, 0, null, null, null, '1', '1', '2018-07-25 15:48:49', '2018-07-25 15:48:49', 0, '0');
;-- -. . -..- - / . -. - .-. -.--
INSERT INTO s_material_partner_detail (id, material_partner_id, data_type, material_type, delivery_name, template_name, is_require, is_show, is_main_show, is_main_require, remark, create_user_id, update_user_id, create_time, update_time, rev, delete_flag) VALUES ('10000051280256', '10000051280248', null, 'M02014', null, null, 0, 0, null, null, null, '1', '1', '2018-07-25 15:48:49', '2018-07-25 15:48:49', 0, '0');
;-- -. . -..- - / . -. - .-. -.--
INSERT INTO s_material_partner_detail (id, material_partner_id, data_type, material_type, delivery_name, template_name, is_require, is_show, is_main_show, is_main_require, remark, create_user_id, update_user_id, create_time, update_time, rev, delete_flag) VALUES ('10000051280257', '10000051280248', null, 'M02006', null, null, 0, 0, null, null, null, '1', '1', '2018-07-25 15:48:49', '2018-07-25 15:48:49', 0, '0');
;-- -. . -..- - / . -. - .-. -.--
INSERT INTO s_material_partner_detail (id, material_partner_id, data_type, material_type, delivery_name, template_name, is_require, is_show, is_main_show, is_main_require, remark, create_user_id, update_user_id, create_time, update_time, rev, delete_flag) VALUES ('10000051280258', '10000051280248', null, 'M02005', null, null, 0, 0, null, null, null, '1', '1', '2018-07-25 15:48:49', '2018-07-25 15:48:49', 0, '0');
;-- -. . -..- - / . -. - .-. -.--
INSERT INTO s_material_partner_detail (id, material_partner_id, data_type, material_type, delivery_name, template_name, is_require, is_show, is_main_show, is_main_require, remark, create_user_id, update_user_id, create_time, update_time, rev, delete_flag) VALUES ('10000051280259', '10000051280248', null, 'M08002', null, null, 0, 0, null, null, null, '1', '1', '2018-07-25 15:48:49', '2018-07-25 15:48:49', 0, '0');
;-- -. . -..- - / . -. - .-. -.--
INSERT INTO s_material_partner_detail (id, material_partner_id, data_type, material_type, delivery_name, template_name, is_require, is_show, is_main_show, is_main_require, remark, create_user_id, update_user_id, create_time, update_time, rev, delete_flag) VALUES ('10000051280260', '10000051280248', null, 'M06010', null, null, 0, 0, null, null, null, '1', '1', '2018-07-25 15:48:49', '2018-07-25 15:48:49', 0, '0');
;-- -. . -..- - / . -. - .-. -.--
INSERT INTO s_material_partner_detail (id, material_partner_id, data_type, material_type, delivery_name, template_name, is_require, is_show, is_main_show, is_main_require, remark, create_user_id, update_user_id, create_time, update_time, rev, delete_flag) VALUES ('10000051280262', '10000051280261', null, 'M06005', null, null, 0, 0, null, null, null, '1', '1', '2018-07-25 15:49:46', '2018-07-25 15:49:46', 0, '0');
;-- -. . -..- - / . -. - .-. -.--
INSERT INTO s_material_partner_detail (id, material_partner_id, data_type, material_type, delivery_name, template_name, is_require, is_show, is_main_show, is_main_require, remark, create_user_id, update_user_id, create_time, update_time, rev, delete_flag) VALUES ('10000051280263', '10000051280261', null, 'M02011', null, null, 0, 0, null, null, null, '1', '1', '2018-07-25 15:49:46', '2018-07-25 15:49:46', 0, '0');
;-- -. . -..- - / . -. - .-. -.--
INSERT INTO s_material_partner_detail (id, material_partner_id, data_type, material_type, delivery_name, template_name, is_require, is_show, is_main_show, is_main_require, remark, create_user_id, update_user_id, create_time, update_time, rev, delete_flag) VALUES ('10000051280264', '10000051280261', null, 'M04001', null, null, 0, 0, null, null, null, '1', '1', '2018-07-25 15:49:46', '2018-07-25 15:49:46', 0, '0');
;-- -. . -..- - / . -. - .-. -.--
INSERT INTO s_material_partner_detail (id, material_partner_id, data_type, material_type, delivery_name, template_name, is_require, is_show, is_main_show, is_main_require, remark, create_user_id, update_user_id, create_time, update_time, rev, delete_flag) VALUES ('10000051280265', '10000051280261', null, 'M02013', null, null, 1, 1, null, null, null, '1', '1', '2018-07-25 15:49:46', '2018-07-25 15:49:46', 0, '0');
;-- -. . -..- - / . -. - .-. -.--
INSERT INTO s_material_partner_detail (id, material_partner_id, data_type, material_type, delivery_name, template_name, is_require, is_show, is_main_show, is_main_require, remark, create_user_id, update_user_id, create_time, update_time, rev, delete_flag) VALUES ('10000051280266', '10000051280261', null, 'M01001', null, null, null, 0, null, null, null, '1', '1', '2018-07-25 15:49:46', '2018-07-25 15:49:46', 0, '0');
;-- -. . -..- - / . -. - .-. -.--
INSERT INTO s_material_partner_detail (id, material_partner_id, data_type, material_type, delivery_name, template_name, is_require, is_show, is_main_show, is_main_require, remark, create_user_id, update_user_id, create_time, update_time, rev, delete_flag) VALUES ('10000051280267', '10000051280261', 'EntryListSNXD', 'M09028', '进件清单.xlsx', 'EntryListSNXD.xlsx', 0, 0, null, null, null, '1', '1', '2018-07-25 15:49:46', '2018-07-25 15:49:46', 0, '0');
;-- -. . -..- - / . -. - .-. -.--
INSERT INTO s_material_partner_detail (id, material_partner_id, data_type, material_type, delivery_name, template_name, is_require, is_show, is_main_show, is_main_require, remark, create_user_id, update_user_id, create_time, update_time, rev, delete_flag) VALUES ('10000051280268', '10000051280261', null, 'M02004', null, null, 0, 0, null, null, null, '1', '1', '2018-07-25 15:49:46', '2018-07-25 15:49:46', 0, '0');
;-- -. . -..- - / . -. - .-. -.--
INSERT INTO s_material_partner_detail (id, material_partner_id, data_type, material_type, delivery_name, template_name, is_require, is_show, is_main_show, is_main_require, remark, create_user_id, update_user_id, create_time, update_time, rev, delete_flag) VALUES ('10000051280269', '10000051280261', null, 'M02014', null, null, 0, 0, null, null, null, '1', '1', '2018-07-25 15:49:46', '2018-07-25 15:49:46', 0, '0');
;-- -. . -..- - / . -. - .-. -.--
INSERT INTO s_material_partner_detail (id, material_partner_id, data_type, material_type, delivery_name, template_name, is_require, is_show, is_main_show, is_main_require, remark, create_user_id, update_user_id, create_time, update_time, rev, delete_flag) VALUES ('10000051280270', '10000051280261', null, 'M02006', null, null, 0, 0, null, null, null, '1', '1', '2018-07-25 15:49:46', '2018-07-25 15:49:46', 0, '0');
;-- -. . -..- - / . -. - .-. -.--
INSERT INTO s_material_partner_detail (id, material_partner_id, data_type, material_type, delivery_name, template_name, is_require, is_show, is_main_show, is_main_require, remark, create_user_id, update_user_id, create_time, update_time, rev, delete_flag) VALUES ('10000051280271', '10000051280261', null, 'M02005', null, null, 0, 0, null, null, null, '1', '1', '2018-07-25 15:49:46', '2018-07-25 15:49:46', 0, '0');
;-- -. . -..- - / . -. - .-. -.--
INSERT INTO s_material_partner_detail (id, material_partner_id, data_type, material_type, delivery_name, template_name, is_require, is_show, is_main_show, is_main_require, remark, create_user_id, update_user_id, create_time, update_time, rev, delete_flag) VALUES ('10000051280272', '10000051280261', null, 'M08002', null, null, 0, 0, null, null, null, '1', '1', '2018-07-25 15:49:46', '2018-07-25 15:49:46', 0, '0');
;-- -. . -..- - / . -. - .-. -.--
INSERT INTO s_material_partner_detail (id, material_partner_id, data_type, material_type, delivery_name, template_name, is_require, is_show, is_main_show, is_main_require, remark, create_user_id, update_user_id, create_time, update_time, rev, delete_flag) VALUES ('10000051280273', '10000051280261', null, 'M06010', null, null, 0, 0, null, null, null, '1', '1', '2018-07-25 15:49:46', '2018-07-25 15:49:46', 0, '0');
;-- -. . -..- - / . -. - .-. -.--
INSERT INTO s_material_partner_detail (id, material_partner_id, data_type, material_type, delivery_name, template_name, is_require, is_show, is_main_show, is_main_require, remark, create_user_id, update_user_id, create_time, update_time, rev, delete_flag) VALUES ('10000051280275', '10000051280274', null, 'M06005', null, null, 0, 0, null, null, null, '1', '1', '2018-07-25 15:50:26', '2018-07-25 15:50:26', 0, '0');
;-- -. . -..- - / . -. - .-. -.--
INSERT INTO s_material_partner_detail (id, material_partner_id, data_type, material_type, delivery_name, template_name, is_require, is_show, is_main_show, is_main_require, remark, create_user_id, update_user_id, create_time, update_time, rev, delete_flag) VALUES ('10000051280276', '10000051280274', null, 'M02011', null, null, 0, 0, null, null, null, '1', '1', '2018-07-25 15:50:26', '2018-07-25 15:50:26', 0, '0');
;-- -. . -..- - / . -. - .-. -.--
INSERT INTO s_material_partner_detail (id, material_partner_id, data_type, material_type, delivery_name, template_name, is_require, is_show, is_main_show, is_main_require, remark, create_user_id, update_user_id, create_time, update_time, rev, delete_flag) VALUES ('10000051280277', '10000051280274', null, 'M04001', null, null, 0, 0, null, null, null, '1', '1', '2018-07-25 15:50:26', '2018-07-25 15:50:26', 0, '0');
;-- -. . -..- - / . -. - .-. -.--
INSERT INTO s_material_partner_detail (id, material_partner_id, data_type, material_type, delivery_name, template_name, is_require, is_show, is_main_show, is_main_require, remark, create_user_id, update_user_id, create_time, update_time, rev, delete_flag) VALUES ('10000051280278', '10000051280274', null, 'M02013', null, null, 0, 0, null, null, null, '1', '1', '2018-07-25 15:50:26', '2018-07-25 15:50:26', 0, '0');
;-- -. . -..- - / . -. - .-. -.--
INSERT INTO s_material_partner_detail (id, material_partner_id, data_type, material_type, delivery_name, template_name, is_require, is_show, is_main_show, is_main_require, remark, create_user_id, update_user_id, create_time, update_time, rev, delete_flag) VALUES ('10000051280279', '10000051280274', null, 'M01001', null, null, null, 0, null, null, null, '1', '1', '2018-07-25 15:50:26', '2018-07-25 15:50:26', 0, '0');
;-- -. . -..- - / . -. - .-. -.--
INSERT INTO s_material_partner_detail (id, material_partner_id, data_type, material_type, delivery_name, template_name, is_require, is_show, is_main_show, is_main_require, remark, create_user_id, update_user_id, create_time, update_time, rev, delete_flag) VALUES ('10000051280280', '10000051280274', 'EntryListSNXD', 'M09028', '进件清单.xlsx', 'EntryListSNXD.xlsx', 0, 0, null, null, null, '1', '1', '2018-07-25 15:50:26', '2018-07-25 15:50:26', 0, '0');
;-- -. . -..- - / . -. - .-. -.--
INSERT INTO s_material_partner_detail (id, material_partner_id, data_type, material_type, delivery_name, template_name, is_require, is_show, is_main_show, is_main_require, remark, create_user_id, update_user_id, create_time, update_time, rev, delete_flag) VALUES ('10000051280281', '10000051280274', null, 'M02004', null, null, 0, 0, null, null, null, '1', '1', '2018-07-25 15:50:26', '2018-07-25 15:50:26', 0, '0');
;-- -. . -..- - / . -. - .-. -.--
INSERT INTO s_material_partner_detail (id, material_partner_id, data_type, material_type, delivery_name, template_name, is_require, is_show, is_main_show, is_main_require, remark, create_user_id, update_user_id, create_time, update_time, rev, delete_flag) VALUES ('10000051280282', '10000051280274', null, 'M02014', null, null, 1, 1, null, null, null, '1', '1', '2018-07-25 15:50:26', '2018-07-25 15:50:26', 0, '0');
;-- -. . -..- - / . -. - .-. -.--
INSERT INTO s_material_partner_detail (id, material_partner_id, data_type, material_type, delivery_name, template_name, is_require, is_show, is_main_show, is_main_require, remark, create_user_id, update_user_id, create_time, update_time, rev, delete_flag) VALUES ('10000051280283', '10000051280274', null, 'M02006', null, null, 0, 0, null, null, null, '1', '1', '2018-07-25 15:50:26', '2018-07-25 15:50:26', 0, '0');
;-- -. . -..- - / . -. - .-. -.--
INSERT INTO s_material_partner_detail (id, material_partner_id, data_type, material_type, delivery_name, template_name, is_require, is_show, is_main_show, is_main_require, remark, create_user_id, update_user_id, create_time, update_time, rev, delete_flag) VALUES ('10000051280284', '10000051280274', null, 'M02005', null, null, 0, 0, null, null, null, '1', '1', '2018-07-25 15:50:26', '2018-07-25 15:50:26', 0, '0');
;-- -. . -..- - / . -. - .-. -.--
INSERT INTO s_material_partner_detail (id, material_partner_id, data_type, material_type, delivery_name, template_name, is_require, is_show, is_main_show, is_main_require, remark, create_user_id, update_user_id, create_time, update_time, rev, delete_flag) VALUES ('10000051280285', '10000051280274', null, 'M08002', null, null, 0, 0, null, null, null, '1', '1', '2018-07-25 15:50:26', '2018-07-25 15:50:26', 0, '0');
;-- -. . -..- - / . -. - .-. -.--
INSERT INTO s_material_partner_detail (id, material_partner_id, data_type, material_type, delivery_name, template_name, is_require, is_show, is_main_show, is_main_require, remark, create_user_id, update_user_id, create_time, update_time, rev, delete_flag) VALUES ('10000051280286', '10000051280274', null, 'M06010', null, null, 1, 1, null, null, null, '1', '1', '2018-07-25 15:50:26', '2018-07-25 15:50:26', 0, '0');
;-- -. . -..- - / . -. - .-. -.--
INSERT INTO s_material_partner_detail (id, material_partner_id, data_type, material_type, delivery_name, template_name, is_require, is_show, is_main_show, is_main_require, remark, create_user_id, update_user_id, create_time, update_time, rev, delete_flag) VALUES ('10000051280288', '10000051280287', null, 'M06005', null, null, 0, 0, null, null, null, '1', '1', '2018-07-25 15:51:39', '2018-07-25 15:51:39', 0, '0');
;-- -. . -..- - / . -. - .-. -.--
INSERT INTO s_material_partner_detail (id, material_partner_id, data_type, material_type, delivery_name, template_name, is_require, is_show, is_main_show, is_main_require, remark, create_user_id, update_user_id, create_time, update_time, rev, delete_flag) VALUES ('10000051280289', '10000051280287', null, 'M02011', null, null, 1, 1, null, null, null, '1', '1', '2018-07-25 15:51:39', '2018-07-25 15:51:39', 0, '0');
;-- -. . -..- - / . -. - .-. -.--
INSERT INTO s_material_partner_detail (id, material_partner_id, data_type, material_type, delivery_name, template_name, is_require, is_show, is_main_show, is_main_require, remark, create_user_id, update_user_id, create_time, update_time, rev, delete_flag) VALUES ('10000051280290', '10000051280287', null, 'M04001', null, null, 0, 0, null, null, null, '1', '1', '2018-07-25 15:51:39', '2018-07-25 15:51:39', 0, '0');
;-- -. . -..- - / . -. - .-. -.--
INSERT INTO s_material_partner_detail (id, material_partner_id, data_type, material_type, delivery_name, template_name, is_require, is_show, is_main_show, is_main_require, remark, create_user_id, update_user_id, create_time, update_time, rev, delete_flag) VALUES ('10000051280291', '10000051280287', null, 'M02013', null, null, 0, 0, null, null, null, '1', '1', '2018-07-25 15:51:39', '2018-07-25 15:51:39', 0, '0');
;-- -. . -..- - / . -. - .-. -.--
INSERT INTO s_material_partner_detail (id, material_partner_id, data_type, material_type, delivery_name, template_name, is_require, is_show, is_main_show, is_main_require, remark, create_user_id, update_user_id, create_time, update_time, rev, delete_flag) VALUES ('10000051280292', '10000051280287', null, 'M01001', null, null, null, 0, null, null, null, '1', '1', '2018-07-25 15:51:39', '2018-07-25 15:51:39', 0, '0');
;-- -. . -..- - / . -. - .-. -.--
INSERT INTO s_material_partner_detail (id, material_partner_id, data_type, material_type, delivery_name, template_name, is_require, is_show, is_main_show, is_main_require, remark, create_user_id, update_user_id, create_time, update_time, rev, delete_flag) VALUES ('10000051280293', '10000051280287', 'EntryListSNXD', 'M09028', '进件清单.xlsx', 'EntryListSNXD.xlsx', 0, 0, null, null, null, '1', '1', '2018-07-25 15:51:39', '2018-07-25 15:51:39', 0, '0');
;-- -. . -..- - / . -. - .-. -.--
INSERT INTO s_material_partner_detail (id, material_partner_id, data_type, material_type, delivery_name, template_name, is_require, is_show, is_main_show, is_main_require, remark, create_user_id, update_user_id, create_time, update_time, rev, delete_flag) VALUES ('10000051280294', '10000051280287', null, 'M02004', null, null, 0, 0, null, null, null, '1', '1', '2018-07-25 15:51:39', '2018-07-25 15:51:39', 0, '0');
;-- -. . -..- - / . -. - .-. -.--
INSERT INTO s_material_partner_detail (id, material_partner_id, data_type, material_type, delivery_name, template_name, is_require, is_show, is_main_show, is_main_require, remark, create_user_id, update_user_id, create_time, update_time, rev, delete_flag) VALUES ('10000051280295', '10000051280287', null, 'M02014', null, null, 0, 0, null, null, null, '1', '1', '2018-07-25 15:51:39', '2018-07-25 15:51:39', 0, '0');
;-- -. . -..- - / . -. - .-. -.--
INSERT INTO s_material_partner_detail (id, material_partner_id, data_type, material_type, delivery_name, template_name, is_require, is_show, is_main_show, is_main_require, remark, create_user_id, update_user_id, create_time, update_time, rev, delete_flag) VALUES ('10000051280296', '10000051280287', null, 'M02006', null, null, 0, 0, null, null, null, '1', '1', '2018-07-25 15:51:39', '2018-07-25 15:51:39', 0, '0');
;-- -. . -..- - / . -. - .-. -.--
INSERT INTO s_material_partner_detail (id, material_partner_id, data_type, material_type, delivery_name, template_name, is_require, is_show, is_main_show, is_main_require, remark, create_user_id, update_user_id, create_time, update_time, rev, delete_flag) VALUES ('10000051280297', '10000051280287', null, 'M02005', null, null, 0, 0, null, null, null, '1', '1', '2018-07-25 15:51:39', '2018-07-25 15:51:39', 0, '0');
;-- -. . -..- - / . -. - .-. -.--
INSERT INTO s_material_partner_detail (id, material_partner_id, data_type, material_type, delivery_name, template_name, is_require, is_show, is_main_show, is_main_require, remark, create_user_id, update_user_id, create_time, update_time, rev, delete_flag) VALUES ('10000051280298', '10000051280287', null, 'M08002', null, null, 0, 0, null, null, null, '1', '1', '2018-07-25 15:51:39', '2018-07-25 15:51:39', 0, '0');
;-- -. . -..- - / . -. - .-. -.--
INSERT INTO s_material_partner_detail (id, material_partner_id, data_type, material_type, delivery_name, template_name, is_require, is_show, is_main_show, is_main_require, remark, create_user_id, update_user_id, create_time, update_time, rev, delete_flag) VALUES ('10000051280299', '10000051280287', null, 'M06010', null, null, 0, 0, null, null, null, '1', '1', '2018-07-25 15:51:39', '2018-07-25 15:51:39', 0, '0');
;-- -. . -..- - / . -. - .-. -.--
INSERT INTO s_material_partner_detail (id, material_partner_id, data_type, material_type, delivery_name, template_name, is_require, is_show, is_main_show, is_main_require, remark, create_user_id, update_user_id, create_time, update_time, rev, delete_flag) VALUES ('10000051280301', '10000051280300', null, 'M06005', null, null, 0, 0, null, null, null, '1', '1', '2018-07-25 15:52:11', '2018-07-25 15:52:11', 0, '0');
;-- -. . -..- - / . -. - .-. -.--
INSERT INTO s_material_partner_detail (id, material_partner_id, data_type, material_type, delivery_name, template_name, is_require, is_show, is_main_show, is_main_require, remark, create_user_id, update_user_id, create_time, update_time, rev, delete_flag) VALUES ('10000051280302', '10000051280300', null, 'M02011', null, null, 0, 0, null, null, null, '1', '1', '2018-07-25 15:52:11', '2018-07-25 15:52:11', 0, '0');
;-- -. . -..- - / . -. - .-. -.--
INSERT INTO s_material_partner_detail (id, material_partner_id, data_type, material_type, delivery_name, template_name, is_require, is_show, is_main_show, is_main_require, remark, create_user_id, update_user_id, create_time, update_time, rev, delete_flag) VALUES ('10000051280303', '10000051280300', null, 'M04001', null, null, 0, 0, null, null, null, '1', '1', '2018-07-25 15:52:11', '2018-07-25 15:52:11', 0, '0');
;-- -. . -..- - / . -. - .-. -.--
INSERT INTO s_material_partner_detail (id, material_partner_id, data_type, material_type, delivery_name, template_name, is_require, is_show, is_main_show, is_main_require, remark, create_user_id, update_user_id, create_time, update_time, rev, delete_flag) VALUES ('10000051280304', '10000051280300', null, 'M02013', null, null, 0, 0, null, null, null, '1', '1', '2018-07-25 15:52:11', '2018-07-25 15:52:11', 0, '0');
;-- -. . -..- - / . -. - .-. -.--
INSERT INTO s_material_partner_detail (id, material_partner_id, data_type, material_type, delivery_name, template_name, is_require, is_show, is_main_show, is_main_require, remark, create_user_id, update_user_id, create_time, update_time, rev, delete_flag) VALUES ('10000051280305', '10000051280300', null, 'M01001', null, null, null, 0, null, null, null, '1', '1', '2018-07-25 15:52:11', '2018-07-25 15:52:11', 0, '0');
;-- -. . -..- - / . -. - .-. -.--
INSERT INTO s_material_partner_detail (id, material_partner_id, data_type, material_type, delivery_name, template_name, is_require, is_show, is_main_show, is_main_require, remark, create_user_id, update_user_id, create_time, update_time, rev, delete_flag) VALUES ('10000051280306', '10000051280300', 'EntryListSNXD', 'M09028', '进件清单.xlsx', 'EntryListSNXD.xlsx', 0, 0, null, null, null, '1', '1', '2018-07-25 15:52:11', '2018-07-25 15:52:11', 0, '0');
;-- -. . -..- - / . -. - .-. -.--
INSERT INTO s_material_partner_detail (id, material_partner_id, data_type, material_type, delivery_name, template_name, is_require, is_show, is_main_show, is_main_require, remark, create_user_id, update_user_id, create_time, update_time, rev, delete_flag) VALUES ('10000051280307', '10000051280300', null, 'M02004', null, null, 0, 0, null, null, null, '1', '1', '2018-07-25 15:52:11', '2018-07-25 15:52:11', 0, '0');
;-- -. . -..- - / . -. - .-. -.--
INSERT INTO s_material_partner_detail (id, material_partner_id, data_type, material_type, delivery_name, template_name, is_require, is_show, is_main_show, is_main_require, remark, create_user_id, update_user_id, create_time, update_time, rev, delete_flag) VALUES ('10000051280308', '10000051280300', null, 'M02014', null, null, 1, 1, null, null, null, '1', '1', '2018-07-25 15:52:11', '2018-07-25 15:52:11', 0, '0');
;-- -. . -..- - / . -. - .-. -.--
INSERT INTO s_material_partner_detail (id, material_partner_id, data_type, material_type, delivery_name, template_name, is_require, is_show, is_main_show, is_main_require, remark, create_user_id, update_user_id, create_time, update_time, rev, delete_flag) VALUES ('10000051280309', '10000051280300', null, 'M02006', null, null, 0, 0, null, null, null, '1', '1', '2018-07-25 15:52:11', '2018-07-25 15:52:11', 0, '0');
;-- -. . -..- - / . -. - .-. -.--
INSERT INTO s_material_partner_detail (id, material_partner_id, data_type, material_type, delivery_name, template_name, is_require, is_show, is_main_show, is_main_require, remark, create_user_id, update_user_id, create_time, update_time, rev, delete_flag) VALUES ('10000051280310', '10000051280300', null, 'M02005', null, null, 0, 0, null, null, null, '1', '1', '2018-07-25 15:52:11', '2018-07-25 15:52:11', 0, '0');
;-- -. . -..- - / . -. - .-. -.--
INSERT INTO s_material_partner_detail (id, material_partner_id, data_type, material_type, delivery_name, template_name, is_require, is_show, is_main_show, is_main_require, remark, create_user_id, update_user_id, create_time, update_time, rev, delete_flag) VALUES ('10000051280311', '10000051280300', null, 'M08002', null, null, 0, 0, null, null, null, '1', '1', '2018-07-25 15:52:11', '2018-07-25 15:52:11', 0, '0');
;-- -. . -..- - / . -. - .-. -.--
INSERT INTO s_material_partner_detail (id, material_partner_id, data_type, material_type, delivery_name, template_name, is_require, is_show, is_main_show, is_main_require, remark, create_user_id, update_user_id, create_time, update_time, rev, delete_flag) VALUES ('10000051280312', '10000051280300', null, 'M06010', null, null, 1, 1, null, null, null, '1', '1', '2018-07-25 15:52:11', '2018-07-25 15:52:11', 0, '0');
;-- -. . -..- - / . -. - .-. -.--
INSERT INTO sys_type (ID_, TYPE_GROUP_KEY_, NAME_, TYPE_KEY_, STRU_TYPE_, PARENT_ID_, DEPTH_, PATH_, IS_LEAF_, OWNER_ID_, SN_, CREATE_BY_, CREATE_TIME_, CREATE_ORG_ID_, UPDATE_BY_, UPDATE_TIME_) VALUES ('10000051280202', 'DIC', '贷后资料节点', 'afterLoanNode', '1', '10000039870067', 1, '4.10000039870067.10000051280202.', 'Y', '0', 0, '1', '2018-07-25 15:25:20', null, null, null);
;-- -. . -..- - / . -. - .-. -.--
INSERT INTO sys_dic (ID_, TYPE_ID_, KEY_, NAME_, PARENT_ID_, SN_, status_) VALUES ('10000051280204', '10000051280202', 'MortgagePass', '抵押递件', '10000051280202', null, 'active');
;-- -. . -..- - / . -. - .-. -.--
INSERT INTO sys_dic (ID_, TYPE_ID_, KEY_, NAME_, PARENT_ID_, SN_, status_) VALUES ('10000051280205', '10000051280202', 'returnConfirm', '资金归还确认', '10000051280202', null, 'active');
;-- -. . -..- - / . -. - .-. -.--
INSERT INTO sys_dic (ID_, TYPE_ID_, KEY_, NAME_, PARENT_ID_, SN_, status_) VALUES ('10000051280203', '10000051280202', 'TransferIn', '过户', '10000051280202', null, 'active');
;-- -. . -..- - / . -. - .-. -.--
INSERT INTO sys_dic (ID_, TYPE_ID_, KEY_, NAME_, PARENT_ID_, SN_, status_) VALUES ('10000051280206', '10000061710234', 'afterLoanMaterial-TransferIn', '贷后资料交互-过户', '10000061710234', null, 'active');
;-- -. . -..- - / . -. - .-. -.--
INSERT INTO sys_dic (ID_, TYPE_ID_, KEY_, NAME_, PARENT_ID_, SN_, status_) VALUES ('10000051280207', '10000061710234', 'afterLoanMaterial-MortgagePass', '贷后资料交互-抵押递件', '10000061710234', null, 'active');
;-- -. . -..- - / . -. - .-. -.--
INSERT INTO sys_dic (ID_, TYPE_ID_, KEY_, NAME_, PARENT_ID_, SN_, status_) VALUES ('10000051280208', '10000061710234', 'afterLoanMaterial-returnConfirm', '贷后资料交互-资金归还确认', '10000061710234', null, 'active');